2222,2024-06-24 22:34:46,clocked in
2222,2024-06-24 22:34:55,clocked out
22,2024-06-24 22:45:17,clocked in
12 paritosh,2024-06-24 22:46:38,clocked in
jashan,2024-06-24 22:46:47,clocked in
swastik,2024-06-24 22:46:55,clocked in
jashan,2024-06-24 22:47:11,clocked out
Ayush,2024-06-24 22:50:46,clocked in
a,2024-06-24 22:51:12,clocked in
a,2024-06-24 22:51:20,clocked out
ayush,2024-06-24 22:54:20,clocked in
aysuh,2024-06-24 22:54:30,clocked out
monika,2024-06-24 22:55:45,clocked in
monika,2024-06-24 22:56:04,clocked out
1,2024-08-12 18:18:21,clocked in
1,2024-08-12 18:18:25,clocked out
22,2024-08-12 18:18:47,clocked in
22,2024-08-12 18:18:53,clocked out
12,2024-08-13 21:18:48,clocked in
2,2024-08-13 21:18:52,clocked out
1,,clocked in
1,,clocked out
